-- phpMyAdmin SQL Dump
-- version 3.5.1
-- http://www.phpmyadmin.net
--
-- Host: localhost
-- Generation Time: Jan 27, 2013 at 09:32 AM
-- Server version: 5.5.28-0ubuntu0.12.04.3
-- PHP Version: 5.3.10-1ubuntu3.4

SET SQL_MODE="NO_AUTO_VALUE_ON_ZERO";
SET time_zone = "+00:00";


/*!40101 SET @OLD_CHARACTER_SET_CLIENT=@@CHARACTER_SET_CLIENT */;
/*!40101 SET @OLD_CHARACTER_SET_RESULTS=@@CHARACTER_SET_RESULTS */;
/*!40101 SET @OLD_COLLATION_CONNECTION=@@COLLATION_CONNECTION */;
/*!40101 SET NAMES utf8 */;

--
-- Database: `nonograms`
--

-- --------------------------------------------------------

--
-- Table structure for table `config`
--

CREATE TABLE IF NOT EXISTS `config` (
  `key` varchar(30) NOT NULL,
  `value` text NOT NULL,
  `type` varchar(20) NOT NULL DEFAULT 'string',
  PRIMARY KEY (`key`)
) ENGINE=MyISAM DEFAULT CHARSET=latin1;

--
-- Dumping data for table `config`
--

INSERT INTO `config` (`key`, `value`, `type`) VALUES
('cookie-length', '2592000', 'string'),
('cookie-path', '/', 'string'),
('cookie-domain', 'nonograms.karmic.ro', 'string');

-- --------------------------------------------------------

--
-- Table structure for table `grids`
--

CREATE TABLE IF NOT EXISTS `grids` (
  `pid` int(10) unsigned NOT NULL AUTO_INCREMENT,
  `name` text NOT NULL,
  `data` text NOT NULL,
  `uid` int(10) unsigned NOT NULL DEFAULT '0',
  `size` varchar(10) NOT NULL,
  `safename` text NOT NULL,
  PRIMARY KEY (`pid`)
) ENGINE=MyISAM  DEFAULT CHARSET=latin1 AUTO_INCREMENT=25 ;

--
-- Dumping data for table `grids`
--

INSERT INTO `grids` (`pid`, `name`, `data`, `uid`, `size`, `safename`) VALUES
(2, 'Mr. T', '[0,0,0,0,0,0,0,0,0,0,0,0,1,1,1,1,1,1,0,0,0,1,0,0,0,0,0,0,1,0,0,1,0,0,1,0,0,0,1,0,1,1,1,0,0,0,1,0,1,0,1,1,1,0,0,0,1,0,1,0,0,1,0,0,1,0,0,0,1,0,0,1,0,0,0,0,0,0,1,0,0,0,1,1,1,1,1,1,0,0,0,0,0,0,0,0,0,0,0,0]', 1, '10x10', 'mr-t'),
(3, 'Grid #3', '[0,0,0,0,0,0,0,0,0,0,0,0,0,0,0,0,1,1,1,1,1,1,0,0,0,1,1,0,0,0,0,1,0,1,0,0,1,0,0,1,1,1,1,0,0,0,1,0,0,0,1,1,0,1,1,1,1,1,1,0,0,1,1,0,0,0,1,0,1,1,1,1,1,1,0,0,1,0,0,1,0,1,0,0,1,1,1,1,0,0,0,1,1,1,1,1,1,0,0,0,1,1,0,0,0,0,0,0,0,0,0,0,0,0,0,0,0,0,0,0,0,1,1,1,1,1,1,0,1,1,1,1,1,1,0,0,1,0,0,1,0,1,0,1,0,0,0,0,1,0,0,1,0,0,1,0,1,0,1,0,1,1,1,1,0,0,1,1,1,1,1,1,0,1,0,1,0,0,1,0,0,1,0,0,1,0,1,0,1,0,1,0,0,1,0,0,1,1,1,1,1,1,0,1,0,1,1,1,1,0,0,0,0,0,0,0,0,0,0,0,0,0,0,0,0]', 1, '15x15', 'grid-3'),
(4, '[TUT] No hints means whole line empty', '[0,0,0,0,0,0,1,1,1,0,0,1,0,1,0,0,1,1,1,0,0,0,0,0,0]', 1, '5x5', 'tut-no-hints-means-whole-line-empty'),
(8, '[TUT] Click the hints to mark them as solved', '[1,0,1,1,1,0,1,1,1,0,1,1,1,0,1,1,0,1,1,1,0,1,1,1,0,1,1,1,0,1,1,0,1,1,1,0,1,1,1,0,1,1,1,0,1,0,0,0,0,0,0,0,0,0,0,0,0,0,0,0,1,1,1,0,1,1,1,0,1,1,1,0,1,1,1,1,1,1,0,1,1,1,0,1,1,1,0,1,1,1,1,1,1,0,1,1,1,0,1,1,1,0,1,1,1,0,0,0,0,0,0,0,0,0,0,0,0,0,0,0,1,0,1,1,1,0,1,1,1,0,1,1,1,0,1,1,0,1,1,1,0,1,1,1,0,1,1,1,0,1,1,0,1,1,1,0,1,1,1,0,1,1,1,0,1,0,0,0,0,0,0,0,0,0,0,0,0,0,0,0,1,1,1,0,1,1,1,0,1,1,1,0,1,1,1,1,1,1,0,1,1,1,0,1,1,1,0,1,1,1,1,1,1,0,1,1,1,0,1,1,1,0,1,1,1]', 1, '15x15', 'tut-click-the-hints-to-mark-them-as-solved'),
(7, '[TUT] Find a common chunk', '[0,0,0,0,0,0,0,0,1,0,0,0,0,0,0,0,0,0,0,0,0,0,1,1,0,0,0,0,0,0,0,0,0,0,0,0,1,1,1,0,0,0,0,0,0,0,0,0,0,0,1,1,1,1,0,0,0,0,0,0,0,0,0,0,1,1,1,1,1,0,0,0,0,0,0,0,0,0,1,1,1,1,1,1,1,1,1,1,1,1,0,0,1,1,1,1,1,1,1,1,1,1,1,1,1,0,1,1,1,1,1,1,1,1,1,1,1,1,1,1,0,0,1,1,1,1,1,1,1,1,1,1,1,1,1,0,0,0,1,1,1,1,1,1,1,1,1,1,1,1,0,0,0,0,1,1,1,1,1,0,0,0,0,0,0,0,0,0,0,0,1,1,1,1,0,0,0,0,0,0,0,0,0,0,0,0,1,1,1,0,0,0,0,0,0,0,0,0,0,0,0,0,1,1,0,0,0,0,0,0,0,0,0,0,0,0,0,0,1,0,0,0,0,0,0]', 1, '15x15', 'tut-find-a-common-chunk'),
(9, '[TUT] Right click to mark empty', '[1,0,1,0,1,0,1,0,1,0,1,0,1,0,1,0,1,0,1,0,1,0,1,0,1]', 1, '5x5', 'tut-right-click-to-mark-empty'),
(14, 'Order of the Stone', '[0,0,1,1,1,0,0,0,0,0,0,0,0,0,0,0,1,0,0,0,1,0,0,0,0,0,0,0,0,0,0,1,0,0,0,0,1,0,0,0,0,1,1,0,0,0,1,0,0,0,0,0,1,0,0,0,1,1,1,0,0,0,1,0,0,0,1,0,0,0,1,1,1,1,0,0,0,1,1,0,1,1,1,0,1,1,1,0,0,0,0,1,0,1,1,0,1,1,1,1,1,0,0,0,0,0,1,0,1,0,0,0,1,1,1,0,0,0,0,0,0,1,0,1,0,0,1,1,1,1,1,0,0,0,0,0,1,0,1,0,1,1,1,0,1,1,1,0,0,0,0,1,0,0,1,1,1,0,0,0,1,1,1,1,0,0,0,1,0,0,1,0,0,0,0,0,1,1,1,0,0,0,1,1,0,0,1,1,1,1,0,1,1,0,0,0,0,0,1,1,0,0,0,0,0,1,0,0,0,0,0,0,0,0,0,1,1,1,1,1,0,0,0,0,0]', 1, '15x15', 'order-of-the-stone'),
(12, 'Titties, tehe!', '[0,0,0,0,0,0,0,0,0,0,0,0,0,0,0,0,0,0,0,0,0,1,1,1,0,0,0,0,0,0,0,0,0,0,0,1,0,0,0,1,0,0,0,0,0,0,0,0,0,1,0,0,0,0,0,1,0,0,0,0,0,0,0,0,0,0,0,1,0,0,1,0,0,0,0,0,0,0,0,0,0,0,0,0,0,1,0,0,0,0,0,0,0,0,0,0,0,0,0,1,0,0,0,0,0,0,0,0,0,0,0,0,0,1,0,0,0,0,0,0,0,0,0,0,0,0,0,0,1,0,0,0,0,0,0,0,0,0,0,0,0,0,0,0,1,0,0,0,0,0,0,0,0,0,0,0,0,0,0,0,1,0,0,0,0,0,0,0,0,1,0,0,1,0,0,1,0,0,0,0,0,0,0,0,0,1,0,0,0,1,0,0,0,0,0,0,0,0,0,0,0,1,1,1,0,0,0,0,0,0,0,0,0,0,0,0,0,0,0,0,0,0,0,0,0]', 2, '15x15', 'titties-tehe'),
(13, 'Music', '[0,0,0,0,0,0,0,0,0,0,0,0,0,0,0,0,0,0,0,0,0,0,0,0,0,1,0,0,0,0,0,0,0,0,0,0,0,0,0,1,0,1,0,0,0,0,0,0,0,0,0,0,0,0,1,0,1,0,0,0,0,0,0,1,1,1,1,1,1,1,1,0,0,0,0,0,0,0,1,0,0,1,0,0,0,0,0,0,0,0,0,0,0,0,1,0,0,1,0,0,0,0,0,0,0,0,0,0,0,1,0,0,1,0,0,0,0,0,0,0,0,0,0,0,0,1,0,0,1,0,0,0,1,0,0,0,0,0,0,0,1,0,0,1,0,0,1,0,1,0,0,0,0,0,0,0,1,0,0,1,0,1,0,1,0,0,0,0,0,0,0,1,1,1,1,1,1,1,0,0,0,0,0,0,0,0,0,0,0,0,0,0,0,0,0,0,0,0,0,0,0,0,0,0,0,0,0,0,0,0,0,0,0,0,0,0,0,0,0,0,0,0,0,0,0]', 2, '15x15', 'music'),
(15, 'teh chanz', '[0,0,0,0,0,0,0,0,0,0,0,0,0,0,0,0,0,1,0,1,0,0,0,0,0,0,0,0,0,0,0,1,0,1,0,1,0,0,0,0,1,1,1,0,0,0,1,0,0,0,1,0,0,0,1,0,0,0,1,0,0,1,0,0,0,1,0,0,1,0,0,0,1,0,0,0,0,1,0,0,1,0,0,1,0,0,0,0,1,0,0,0,0,1,1,0,0,0,0,1,1,1,1,0,0,0,0,0,0,0,0,0,0,0,0,0,0,0,0,0,0,0,0,1,1,0,0,0,0,1,1,1,1,0,0,0,0,1,0,0,1,0,0,1,0,0,0,0,1,0,0,1,0,0,0,1,0,0,1,0,0,0,1,0,0,0,1,0,0,0,1,0,0,0,1,0,0,0,1,0,0,1,0,1,0,1,0,0,0,0,1,1,1,0,0,0,0,1,0,1,0,0,0,0,0,0,0,0,0,0,0,0,0,0,0,0,0,0,0,0,0,0,0,0,0]', 2, '15x15', 'teh-chanz'),
(16, 'Clover', '[0,0,0,0,0,0,0,0,1,1,1,0,0,0,0,0,0,0,0,0,0,0,1,0,0,0,1,0,0,0,0,0,0,0,0,0,1,0,0,0,0,0,1,0,0,0,0,0,0,1,1,1,0,0,0,0,0,1,0,0,0,0,0,1,1,0,0,1,0,0,0,0,1,0,0,0,0,1,0,0,0,0,0,1,0,0,1,0,0,1,0,0,1,0,0,0,0,0,0,0,0,0,1,1,1,0,0,1,0,0,0,0,0,0,0,0,0,1,1,1,0,0,1,0,0,0,0,0,1,0,0,1,0,0,1,0,0,0,1,1,0,0,1,0,0,0,0,1,0,0,0,0,0,0,1,1,1,0,0,0,0,0,1,0,0,0,0,0,0,0,0,1,0,0,0,0,0,1,0,0,0,0,0,0,0,0,0,1,0,0,0,1,0,0,0,0,0,0,0,0,0,0,0,1,1,1,0,0,0,0,0,0,0,0,0,0,0,0,0,0,0,0,0,0,0]', 2, '15x15', 'clover'),
(17, 'Grid #14', '[1,1,1,1,0,0,0,0,0,0,0,0,0,0,0,0,1,1,0,1,1,1,0,0,0,0,0,0,0,0,1,1,1,0,0,0,0,1,1,1,1,1,1,1,1,0,1,1,0,0,0,0,1,0,0,0,0,0,0,0,1,1,1,1,0,0,0,1,0,0,0,0,0,0,0,0,0,0,0,1,0,0,1,0,0,0,1,1,1,1,0,0,0,0,0,1,0,1,0,1,1,0,0,0,0,0,0,0,0,0,1,0,1,0,1,0,0,0,0,0,0,0,0,0,0,1,0,1,0,1,1,0,0,0,0,0,0,0,0,1,0,0,1,0,0,0,1,1,1,1,1,1,1,1,0,0,0,1,0,0,0,0,0,0,0,0,1,1,0,0,0,0,1,0,0,0,0,0,0,0,1,1,1,0,0,0,0,1,1,1,1,1,1,1,1,0,1,1,0,1,1,1,0,0,0,0,0,0,0,0,1,1,1,1,0,0,0,0,0,0,0,0,0,0,0]', 2, '15x15', 'grid-14'),
(18, 'Grid #15', '[0,0,0,1,1,0,0,0,0,0,0,0,1,0,0,1,0,0,0,0,0,1,0,1,0,0,1,0,0,0,0,1,0,0,1,0,0,1,0,0,0,1,0,0,1,0,0,0,1,0,0,1,0,0,1,0,0,0,1,0,0,1,0,0,1,0,0,1,0,0,0,1,0,1,0,0,1,0,0,0,0,0,1,0,0,1,0,0,0,0,0,0,0,1,1,0,0,0,0,0]', 2, '10x10', 'grid-15'),
(19, 'easy enough for ya ?', '[0,1,1,1,0,0,0,0,0,0,0,0,0,0,0,0,0,0,0,0,0,0,0,0,0,0,0,0,0,0,0,0,0,0,1,0,0,0,0,0,0,0,0,0,0,0,0,0,0,0,0,0,0,0,0,0,0,0,0,0,0,0,0,0,0,0,0,0,0,0,0,0,0,0,0,0,0,0,0,0,0,0,0,0,0,0,0,0,0,0,0,0,0,0,0,0,1,1,1,0]', 2, '10x10', 'easy-enough-for-ya-'),
(20, 'yesh', '[0,1,1,0,0,1,0,0,1,0,0,1,0,0,1,1,0,0,1,0,0,1,1,0,0]', 2, '5x5', 'yesh'),
(21, 'Grid #17', '[0,0,0,1,0,0,1,0,0,1,0,0,0,0,1,0,1,0,0,1,0,0,0,1,0]', 2, '5x5', 'grid-17'),
(22, 'Grid #18', '[0,0,0,0,0,1,0,0,0,0,0,0,0,0,0,1,1,0,0,0,0,0,0,0,0,1,0,1,0,0,0,0,0,1,0,1,0,1,0,0,0,0,1,1,0,1,0,1,0,0,0,1,0,1,0,1,0,1,0,0,1,1,1,1,1,1,0,1,0,0,0,0,0,0,0,1,0,1,0,0,0,0,0,0,0,1,1,0,0,0,0,0,0,0,0,1,0,0,0,0]', 2, '10x10', 'grid-18'),
(23, 'Code', '[1,1,1,1,1,1,1,0,1,1,0,1,0,1,1,1,1,0,1,1,1,1,1,1,1,1,0,0,0,0,0,1,0,0,0,0,0,1,0,0,0,0,0,1,0,0,0,0,0,1,1,0,1,1,1,0,1,0,1,0,1,1,0,0,0,1,1,0,1,0,1,1,1,0,1,1,0,1,1,1,0,1,0,1,1,0,0,1,0,0,0,1,0,1,0,1,1,1,0,1,1,0,1,1,1,0,1,0,1,0,0,1,0,0,0,0,1,0,1,0,1,1,1,0,1,1,0,0,0,0,0,1,0,1,1,0,0,1,1,0,0,0,0,1,0,0,0,0,0,1,1,1,1,1,1,1,1,0,1,0,1,0,1,0,1,0,1,0,1,1,1,1,1,1,1,0,0,0,0,0,0,0,0,0,1,1,0,1,1,0,0,1,0,0,0,0,0,0,0,0,0,0,1,1,1,1,1,1,0,1,0,1,1,0,1,1,0,1,0,1,1,1,1,0,1,0,0,1,0,0,1,0,0,1,0,1,1,1,0,0,1,0,1,1,1,0,1,1,0,0,0,0,0,1,0,1,1,1,1,1,1,1,1,0,0,1,1,0,0,1,0,0,1,0,1,0,0,1,0,0,1,0,1,1,0,0,0,0,0,0,1,1,1,0,1,0,1,0,0,1,0,0,0,0,1,0,1,1,0,0,1,0,1,1,0,0,1,1,1,0,1,0,1,0,1,0,1,0,1,1,1,0,0,1,1,1,0,1,0,0,0,1,1,1,0,1,0,0,0,1,0,1,1,0,0,1,1,0,1,0,0,0,1,1,0,0,0,0,1,1,1,0,1,1,1,0,1,1,1,0,1,0,1,0,0,1,0,1,0,1,1,0,1,0,0,1,0,1,1,0,1,1,0,0,1,1,1,1,0,1,0,0,1,1,1,0,1,1,1,1,1,0,0,1,0,0,0,0,0,0,0,0,0,0,1,1,1,0,0,1,0,1,0,0,0,1,1,0,0,0,1,1,1,1,1,1,1,0,1,0,1,0,1,0,0,0,1,0,1,0,1,1,0,0,1,1,0,0,0,0,0,1,0,1,1,1,1,1,1,1,1,1,0,0,0,1,1,1,1,1,1,0,1,1,1,0,1,0,1,0,1,0,1,0,1,0,1,1,1,1,1,1,0,1,1,1,0,1,1,1,0,1,0,1,0,1,0,0,1,1,1,0,1,1,1,1,0,0,1,1,1,0,1,1,1,0,1,0,1,0,0,0,1,0,0,0,1,1,1,0,1,1,1,0,1,1,0,0,0,0,0,1,0,0,1,1,0,1,1,1,0,0,0,1,0,0,1,0,0,1,1,1,1,1,1,1,1,0,0,0,1,1,1,0,1,1,0,0,1,0,0,1,1,1,1]', 1, '25x25', 'code'),
(24, 'Through the park', '[0,0,0,0,0,0,1,1,0,0,0,0,0,0,0,1,0,0,1,0,0,1,1,1,1,1,0,0,1,0,0,1,0,0,1,0,1,1,0,0,0,0,0,0,1,0,0,0,0,0,0,0,0,0,0,1,0,0,0,0,0,0,0,1,0,1,1,1,0,0,0,0,0,1,1,1,0,0,1,0,0,0,0,1,0,1,0,0,1,0,0,0,0,0,0,0,1,1,0,0]', 1, '10x10', 'through-the-park');

-- --------------------------------------------------------

--
-- Table structure for table `ratings`
--

CREATE TABLE IF NOT EXISTS `ratings` (
  `uid` int(10) unsigned NOT NULL,
  `pid` int(10) unsigned NOT NULL,
  `rating` tinyint(3) unsigned NOT NULL
) ENGINE=MyISAM DEFAULT CHARSET=latin1;

-- --------------------------------------------------------

--
-- Table structure for table `users`
--

CREATE TABLE IF NOT EXISTS `users` (
  `uid` int(10) unsigned NOT NULL AUTO_INCREMENT,
  `username` text NOT NULL,
  `password` varchar(40) NOT NULL,
  `email` text NOT NULL,
  `level` tinyint(3) unsigned NOT NULL DEFAULT '1',
  PRIMARY KEY (`uid`)
) ENGINE=MyISAM  DEFAULT CHARSET=latin1 AUTO_INCREMENT=4 ;

--
-- Dumping data for table `users`
--

INSERT INTO `users` (`uid`, `username`, `password`, `email`, `level`) VALUES
(1, 'lysandergray', '30a2f5713b1442a77aa0f06571482f3d850e2e7e', 'lysandergray@gmail.com', 2),
(2, 'arygophe', 'afb3b09532a75575e8cfe79c1b2846582cc6ba63', 'freageek@gmail.com', 2),
(3, 'uhobzjvf', 'da39a3ee5e6b4b0d3255bfef95601890afd80709', 'alxalq@lofcbl.com', 1);

/*!40101 SET CHARACTER_SET_CLIENT=@OLD_CHARACTER_SET_CLIENT */;
/*!40101 SET CHARACTER_SET_RESULTS=@OLD_CHARACTER_SET_RESULTS */;
/*!40101 SET COLLATION_CONNECTION=@OLD_COLLATION_CONNECTION */;
